login;grupo;gerente;delegar
001222;A;0;0
004112;A;0;0
004472;A;0;0
004999;A;0;0
006484;A;0;0
006958;A;0;0
007926;A;0;0
009931;A;1;1
001721;AA;0;0
006861;AA;0;0
003981;AA;1;1
007700;AAA;0;0
005413;AAA;1;1
000496;AAAG;0;0
000503;AAAG;0;0
005162;AAAG;0;0
005188;AAAG;0;0
005669;AAAG;0;0
006096;AAAG;0;0
007268;AAAG;0;0
001293;AAAG;1;1
000533;AAAG;0;0
002745;AAAT;0;0
004759;AAAT;0;0
005429;AAAT;0;0
005488;AAAT;0;0
005607;AAAT;0;0
005634;AAAT;0;0
005674;AAAT;0;0
005678;AAAT;0;0
005683;AAAT;0;0
005783;AAAT;0;0
005788;AAAT;0;0
005792;AAAT;0;0
005947;AAAT;0;0
006772;AAAT;0;0
004098;AAAT;1;1
004696;AAAT;0;0
006765;AAAT;0;0
004132;AAAZ;0;0
005130;AAAZ;0;0
007707;AAAZ;0;0
007728;AAAZ;1;1
007453;AAAZ;0;0
001437;AAD;1;1
002186;AADP;0;0
003610;AADP;0;0
004532;AADP;0;0
005256;AADP;0;0
007616;AADP;0;0
006078;AADP;1;1
000765;AADS;0;0
002734;AADS;0;0
003290;AADS;0;0
004389;AADS;0;0
004924;AADS;0;0
005268;AADS;0;0
005423;AADS;0;0
005477;AADS;0;0
005506;AADS;0;0
006167;AADS;0;0
007417;AADS;0;0
007433;AADS;0;0
001221;AADS;1;1
007683;AADS;0;0
006091;AAE;1;1
003089;AAEE;0;0
003219;AAEE;0;0
004804;AAEE;0;0
005243;AAEE;0;0
006976;AAEE;0;0
007664;AAEE;0;0
007694;AAEE;0;0
007742;AAEE;0;0
007752;AAEE;0;0
007780;AAEE;0;0
007455;AAEE;1;1
000988;AAEM;0;0
001449;AAEM;0;0
002187;AAEM;0;0
002391;AAEM;0;0
003364;AAEM;0;0
003511;AAEM;0;0
004401;AAEM;0;0
004734;AAEM;0;0
005136;AAEM;0;0
005428;AAEM;0;0
005576;AAEM;0;0
005579;AAEM;0;0
005704;AAEM;0;0
005706;AAEM;0;0
007496;AAEM;0;0
007653;AAEM;0;0
005899;AAEM;1;1
005967;AAEM;0;0
002361;AAS;0;0
003021;AAS;1;1
001002;AASA;0;0
004518;AASA;0;0
004637;AASA;0;0
006222;AASA;0;0
006247;AASA;0;0
007790;AASA;0;0
007802;AASA;0;0
004514;AASA;1;1
005226;AASA;0;0
000777;AASC;0;0
001849;AASC;0;0
003113;AASC;0;0
005484;AASC;0;0
005571;AASC;0;0
005833;AASC;0;0
006070;AASC;0;0
006651;AASC;0;0
007690;AASC;0;0
007754;AASC;0;0
006008;AASC;1;1
002398;AASG;0;0
004444;AASG;0;0
004461;AASG;0;0
004639;AASG;0;0
004850;AASG;0;0
005476;AASG;0;0
005713;AASG;0;0
007711;AASG;0;0
004923;AASG;1;1
004342;AASS;0;0
004544;AASS;0;0
004719;AASS;0;0
006733;AASS;0;0
007575;AASS;0;0
007608;AASS;0;0
005997;AASS;1;1
007924;AD;1;1
004261;ADGB;0;0
004431;ADGB;1;1
003460;AF;0;0
007159;AF;1;1
007088;AFC;1;1
005561;AFCC;0;0
006664;AFCC;0;0
007799;AFCC;0;0
004379;AFCC;1;1
004695;AFCF;0;0
007645;AFCF;1;1
002168;AFCT;0;0
007717;AFCT;0;0
000798;AFCT;1;1
007204;AFF;0;0
007949;AFF;1;1
006745;AFFC;0;0
007163;AFFC;0;0
007402;AFFC;0;0
007795;AFFC;0;0
004267;AFFC;1;1
200331;AFFF;0;0
200405;AFFF;0;0
007522;AFFN;0;0
005834;AFFN;1;1
003969;AFFP;0;0
004720;AFFP;0;0
004922;AFFP;0;0
006249;AFFP;0;0
006708;AFFP;0;0
006898;AFFP;0;0
007365;AFFP;0;0
007611;AFFP;0;0
007805;AFFP;0;0
007806;AFFP;0;0
007893;AFFP;0;0
007501;AFFP;1;1
007115;AFFP;0;0
002131;AFFR;0;0
002276;AFFR;0;0
003937;AFFR;0;0
004418;AFFR;0;0
006374;AFFR;0;0
006978;AFFR;0;0
006998;AFFR;0;0
007116;AFFR;0;0
007198;AFFR;0;0
007766;AFFR;0;0
007070;AFFR;1;1
007560;AFFR;0;0
006548;AI;0;0
007947;AI;1;1
004687;AIA;1;1
004622;AIAR;0;0
005216;AIAR;0;0
005261;AIAR;0;0
007166;AIAR;0;0
007234;AIAR;0;0
007538;AIAR;0;0
007687;AIAR;0;0
007719;AIAR;0;0
006466;AIAR;1;1
005475;AIAS;0;0
006794;AIAS;0;0
007582;AIAS;0;0
007242;AIAS;1;1
004623;AIC;1;1
002102;AICN;0;0
005109;AICN;1;1
002716;AICP;0;0
003882;AICP;0;0
002752;AICP;1;1
001429;AICS;0;0
003547;AICS;0;0
004387;AICS;0;0
004624;AICS;0;0
007725;AICS;0;0
007767;AICS;0;0
007118;AICS;1;1
006743;AIP;1;1
003212;AIPE;0;0
007668;AIPE;1;1
001296;AIPT;0;0
003971;AIPT;0;0
004621;AIPT;0;0
006500;AIPT;0;0
006823;AIPT;0;0
006990;AIPT;0;0
007416;AIPT;0;0
006246;AIPT;1;1
002587;AR;0;0
005094;AR;0;0
005803;AR;1;1
007083;ARA;1;1
003227;ARAM;0;0
003635;ARAM;0;0
004468;ARAM;0;0
006054;ARAM;0;0
006971;ARAM;0;0
007026;ARAM;0;0
007207;ARAM;0;0
007536;ARAM;0;0
200339;ARAM;0;0
200341;ARAM;0;0
200378;ARAM;0;0
200428;ARAM;0;0
200476;ARAM;0;0
002699;ARAM;1;1
005263;ARAP;0;0
005444;ARAP;0;0
005533;ARAP;0;0
007246;ARAP;0;0
007386;ARAP;0;0
007583;ARAP;0;0
007610;ARAP;0;0
007753;ARAP;0;0
007804;ARAP;0;0
007712;ARAP;1;1
002239;ARAS;0;0
004459;ARAS;0;0
005420;ARAS;0;0
006886;ARAS;0;0
005690;ARAS;1;1
004125;ARD;1;1
006689;ARDD;0;0
007404;ARDD;0;0
007600;ARDD;0;0
007642;ARDD;0;0
007247;ARDD;1;1
003488;ARDH;0;0
005622;ARDH;0;0
006312;ARDH;0;0
006314;ARDH;0;0
006315;ARDH;0;0
006367;ARDH;0;0
006533;ARDH;0;0
006749;ARDH;0;0
006770;ARDH;0;0
006905;ARDH;0;0
007221;ARDH;0;0
007649;ARDH;0;0
007068;ARDH;1;1
002900;C;0;0
002941;C;0;0
005122;C;0;0
005247;C;0;0
002316;C;0;0
002364;C;0;0
004589;C;0;0
005454;C;0;0
006507;C;0;0
006588;C;0;0
006612;C;0;0
007637;C;0;0
009932;C;1;1
003888;C;0;0
006260;C;0;0
006730;C;0;0
002284;CA;0;0
006865;CA;1;1
005379;CACC;0;0
006385;CACC;0;0
007846;CACC;0;0
007931;CACC;0;0
007960;CACC;0;0
007962;CACC;0;0
006858;CACC;1;1
006860;CACC;1;1
006458;CACI;1;1
001731;CAPS;0;0
003118;CAPS;0;0
004203;CAPS;0;0
004321;CAPS;0;0
004933;CAPS;0;0
005248;CAPS;0;0
007136;CAPS;0;0
007138;CAPS;0;0
007551;CAPS;0;0
004801;CF;0;0
006883;CF;0;0
004360;CF;1;1
003885;CFB;0;0
004793;CFB;0;0
004798;CFB;0;0
005384;CFB;0;0
005419;CFB;0;0
005639;CFB;0;0
005664;CFB;0;0
006224;CFB;0;0
006710;CFB;0;0
006824;CFB;0;0
006965;CFB;0;0
007051;CFB;0;0
007871;CFB;0;0
007904;CFB;0;0
007906;CFB;0;0
007934;CFB;0;0
000579;CFB;1;1
000772;CFB;1;1
004429;CFB;1;1
004853;CFB;1;1
006902;CFB;1;1
006935;CFB;1;1
007028;CFB;1;1
007147;CFD;0;0
007816;CFD;0;0
200344;CFD;0;0
007097;CFD;1;1
007162;CFD;0;0
006624;CFJ;0;0
006946;CFJ;0;0
007520;CFJ;0;0
200294;CFJ;0;0
200423;CFJ;0;0
200427;CFJ;0;0
200441;CFJ;0;0
007123;CFJ;1;1
007171;CFJ;0;0
001557;CFM;0;0
001841;CFM;0;0
002880;CFM;0;0
003237;CFM;0;0
004129;CFM;0;0
005836;CFM;0;0
006992;CFM;0;0
007102;CFM;0;0
007148;CFM;0;0
007764;CFM;0;0
001618;CFM;1;1
006662;CFM;0;0
007096;CFM;0;0
001649;CFP;0;0
002374;CFP;0;0
002439;CFP;0;0
002563;CFP;0;0
003748;CFP;0;0
006125;CFP;0;0
007098;CFP;0;0
007697;CFP;0;0
007761;CFP;0;0
200168;CFP;0;0
200393;CFP;0;0
200396;CFP;0;0
200443;CFP;0;0
200477;CFP;0;0
200478;CFP;0;0
006876;CFP;1;1
007578;CFP;0;0
002372;CFR;0;0
002515;CFR;0;0
002566;CFR;0;0
004116;CFR;0;0
004160;CFR;0;0
004197;CFR;0;0
004262;CFR;0;0
004504;CFR;0;0
006005;CFR;0;0
006033;CFR;0;0
006055;CFR;0;0
006084;CFR;0;0
006095;CFR;0;0
006999;CFR;0;0
007243;CFR;0;0
007315;CFR;0;0
007437;CFR;0;0
007738;CFR;0;0
200167;CFR;0;0
006964;CFR;1;1
007367;CFR;0;0
007747;CFR;0;0
000983;CFS;0;0
002895;CFS;0;0
006853;CFS;0;0
006943;CFS;0;0
007024;CFS;0;0
007046;CFS;0;0
200449;CFS;0;0
007483;CFS;1;1
007140;CFS;0;0
002139;CFU;0;0
002275;CFU;0;0
002530;CFU;0;0
002560;CFU;0;0
002804;CFU;0;0
003879;CFU;0;0
004135;CFU;0;0
007005;CFU;0;0
007468;CFU;0;0
007735;CFU;0;0
007773;CFU;0;0
007775;CFU;0;0
200337;CFU;0;0
007021;CFU;1;1
007178;CFU;0;0
007101;CFV;0;0
007508;CFV;0;0
007534;CFV;0;0
006908;CFV;1;1
007530;CFV;0;0
006020;CG;0;0
001647;CG;1;1
001288;CGA;0;0
001648;CGA;0;0
002624;CGA;0;0
002802;CGA;0;0
003497;CGA;0;0
003701;CGA;0;0
004162;CGA;0;0
004242;CGA;0;0
007196;CGA;0;0
007200;CGA;0;0
007580;CGA;0;0
200143;CGA;0;0
003950;CGA;1;1
004380;CGA;0;0
007007;CGA;0;0
005595;CGB;0;0
005736;CGB;0;0
006076;CGB;0;0
006687;CGB;0;0
006855;CGB;0;0
007648;CGB;0;0
007702;CGB;0;0
004077;CGB;1;1
004778;CGB;0;0
001027;CGC;0;0
002565;CGC;0;0
003101;CGC;0;0
003972;CGC;0;0
005628;CGC;0;0
006348;CGC;0;0
006991;CGC;0;0
007172;CGC;0;0
005555;CGC;1;1
007311;CGC;0;0
003529;CGF;0;0
004788;CGF;0;0
004901;CGF;0;0
006371;CGF;0;0
006523;CGF;0;0
006722;CGF;0;0
007108;CGF;0;0
007117;CGF;0;0
007302;CGF;0;0
007303;CGF;0;0
007541;CGF;0;0
007691;CGF;0;0
007733;CGF;0;0
200440;CGF;0;0
200485;CGF;0;0
007156;CGF;1;1
004079;CGF;0;0
001863;CGG;0;0
002930;CGG;0;0
003693;CGG;0;0
006589;CGG;0;0
006808;CGG;0;0
007284;CGG;0;0
007293;CGG;0;0
007301;CGG;0;0
007355;CGG;0;0
007465;CGG;0;0
007568;CGG;0;0
007745;CGG;0;0
200295;CGG;0;0
200432;CGG;0;0
004636;CGG;1;1
004419;CGG;0;0
006910;CGG;0;0
006192;CGJ;0;0
006675;CGJ;0;0
006680;CGJ;0;0
006985;CGJ;0;0
007016;CGJ;0;0
007050;CGJ;0;0
007430;CGJ;0;0
200225;CGJ;0;0
200479;CGJ;0;0
002406;CGJ;1;1
005789;CGJ;0;0
001129;CGR;0;0
001413;CGR;0;0
002405;CGR;0;0
002414;CGR;0;0
002445;CGR;0;0
002596;CGR;0;0
003116;CGR;0;0
003325;CGR;0;0
004245;CGR;0;0
004692;CGR;0;0
005672;CGR;0;0
005811;CGR;0;0
006079;CGR;0;0
006742;CGR;0;0
007177;CGR;0;0
007356;CGR;0;0
007427;CGR;0;0
007442;CGR;0;0
007509;CGR;0;0
200226;CGR;0;0
200422;CGR;0;0
002807;CGR;1;1
001534;CGR;0;0
005727;CGR;0;0
002983;CGT;0;0
003989;CGT;0;0
004217;CGT;0;0
006579;CGT;0;0
006685;CGT;0;0
007309;CGT;0;0
007400;CGT;0;0
007617;CGT;0;0
200173;CGT;0;0
006177;CGT;1;1
005630;CGT;0;0
002685;CGU;0;0
004263;CGU;0;0
004523;CGU;0;0
004592;CGU;0;0
005207;CGU;0;0
005782;CGU;0;0
006608;CGU;0;0
007044;CGU;0;0
007107;CGU;0;0
007126;CGU;0;0
007407;CGU;0;0
007854;CGU;0;0
200270;CGU;0;0
200289;CGU;0;0
200475;CGU;0;0
006506;CGU;1;1
002327;CGU;0;0
007422;CGU;0;0
004495;CGV;0;0
004917;CGV;0;0
005238;CGV;0;0
005790;CGV;0;0
005927;CGV;0;0
006376;CGV;0;0
007017;CGV;0;0
007082;CGV;0;0
007157;CGV;0;0
007561;CGV;0;0
007701;CGV;0;0
200267;CGV;0;0
007037;CGV;1;1
006097;CGV;0;0
005568;CJ;1;1
004861;CJA;0;0
004879;CJA;0;0
005960;CJA;0;0
006725;CJA;0;0
006812;CJA;0;0
007447;CJA;0;0
007532;CJA;0;0
007743;CJA;0;0
007968;CJA;0;0
007970;CJA;0;0
200223;CJA;0;0
200425;CJA;0;0
007141;CJA;1;1
007135;CJA;0;0
007507;CJA;0;0
001305;CJB;0;0
002851;CJB;0;0
004363;CJB;0;0
006652;CJB;0;0
007217;CJB;0;0
007236;CJB;0;0
007554;CJB;0;0
007652;CJB;0;0
007394;CJB;1;1
005450;CJB;0;0
002069;CJC;0;0
002444;CJC;0;0
002574;CJC;0;0
003136;CJC;0;0
004332;CJC;0;0
004370;CJC;0;0
004395;CJC;0;0
004912;CJC;0;0
006327;CJC;0;0
006544;CJC;0;0
006811;CJC;0;0
007137;CJC;0;0
007351;CJC;0;0
007505;CJC;0;0
007539;CJC;0;0
200145;CJC;0;0
200169;CJC;0;0
200170;CJC;0;0
200272;CJC;0;0
200290;CJC;0;0
200291;CJC;0;0
200338;CJC;0;0
200377;CJC;0;0
200414;CJC;0;0
200426;CJC;0;0
007771;CJC;1;1
007040;CJC;0;0
007277;CJC;0;0
000864;CJD;0;0
002693;CJD;0;0
003109;CJD;0;0
003685;CJD;0;0
003831;CJD;0;0
004464;CJD;0;0
005385;CJD;0;0
005822;CJD;0;0
005965;CJD;0;0
006866;CJD;0;0
006874;CJD;0;0
007274;CJD;0;0
007410;CJD;0;0
007547;CJD;0;0
007567;CJD;0;0
007710;CJD;0;0
007206;CJD;1;1
007067;CJD;0;0
007197;CJD;0;0
003052;CJI;0;0
003084;CJI;0;0
004511;CJI;0;0
005459;CJI;0;0
006182;CJI;0;0
006841;CJI;0;0
006980;CJI;0;0
007071;CJI;0;0
007145;CJI;0;0
007174;CJI;0;0
007576;CJI;0;0
007785;CJI;0;0
200292;CJI;0;0
200293;CJI;0;0
007739;CJI;1;1
007291;CJI;0;0
007803;CJI;0;0
000708;CJJ;0;0
000870;CJJ;0;0
000909;CJJ;0;0
000949;CJJ;0;0
001407;CJJ;0;0
001414;CJJ;0;0
002092;CJJ;0;0
004565;CJJ;0;0
005784;CJJ;0;0
006017;CJJ;0;0
006159;CJJ;0;0
006705;CJJ;0;0
006877;CJJ;0;0
007095;CJJ;0;0
007103;CJJ;0;0
007408;CJJ;0;0
007497;CJJ;0;0
007533;CJJ;0;0
007599;CJJ;0;0
007615;CJJ;0;0
200281;CJJ;0;0
200316;CJJ;0;0
006582;CJJ;1;1
006509;CJJ;0;0
007282;CJJ;0;0
001535;CJL;0;0
001680;CJL;0;0
002388;CJL;0;0
002535;CJL;0;0
004526;CJL;0;0
004859;CJL;0;0
005382;CJL;0;0
005759;CJL;0;0
007011;CJL;0;0
007730;CJL;0;0
007749;CJL;0;0
007862;CJL;0;0
200480;CJL;0;0
200483;CJL;0;0
006103;CJL;1;1
005863;CJL;0;0
007445;CJL;0;0
003501;CJP;0;0
004052;CJP;0;0
004235;CJP;0;0
004322;CJP;0;0
004371;CJP;0;0
004800;CJP;0;0
004963;CJP;0;0
005807;CJP;0;0
005830;CJP;0;0
006633;CJP;0;0
006678;CJP;0;0
006813;CJP;0;0
006904;CJP;0;0
007032;CJP;0;0
007360;CJP;0;0
007881;CJP;0;0
200273;CJP;0;0
003002;CJP;1;1
006183;CJP;0;0
007796;CJP;0;0
003417;CJU;0;0
004336;CJU;0;0
004628;CJU;0;0
005818;CJU;0;0
006626;CJU;0;0
006641;CJU;0;0
006717;CJU;0;0
007183;CJU;0;0
007264;CJU;0;0
007292;CJU;0;0
007300;CJU;0;0
007531;CJU;0;0
007776;CJU;0;0
004048;CJU;1;1
006151;CJU;0;0
006827;CJU;0;0
004282;CL;0;0
004909;CL;1;1
000677;CLA;0;0
000912;CLA;0;0
001009;CLA;0;0
001566;CLA;0;0
001669;CLA;0;0
002045;CLA;0;0
002071;CLA;0;0
002623;CLA;0;0
002879;CLA;0;0
002888;CLA;0;0
007160;CLA;0;0
007307;CLA;0;0
200445;CLA;0;0
004873;CLA;1;1
006699;CLA;0;0
007265;CLA;0;0
001617;CLB;0;0
001937;CLB;0;0
003943;CLB;0;0
004273;CLB;0;0
004473;CLB;0;0
004583;CLB;0;0
004877;CLB;0;0
005144;CLB;0;0
005399;CLB;0;0
005886;CLB;0;0
006034;CLB;0;0
006075;CLB;0;0
007190;CLB;0;0
007273;CLB;0;0
007456;CLB;0;0
007815;CLB;0;0
200140;CLB;0;0
004638;CLB;1;1
005146;CLB;0;0
007052;CLB;0;0
001346;CLD;0;0
002031;CLD;0;0
002621;CLD;0;0
002861;CLD;0;0
002917;CLD;0;0
004142;CLD;0;0
004497;CLD;0;0
004813;CLD;0;0
005380;CLD;0;0
005573;CLD;0;0
006010;CLD;0;0
006893;CLD;0;0
007129;CLD;0;0
007491;CLD;0;0
200269;CLD;0;0
006620;CLD;1;1
007521;CLD;0;0
007552;CLD;0;0
000926;CLE;0;0
001358;CLE;0;0
001425;CLE;0;0
001502;CLE;0;0
001670;CLE;0;0
002050;CLE;0;0
003063;CLE;0;0
003126;CLE;0;0
003721;CLE;0;0
004467;CLE;0;0
004849;CLE;0;0
004857;CLE;0;0
005204;CLE;0;0
005650;CLE;0;0
005755;CLE;0;0
006586;CLE;0;0
006587;CLE;0;0
007474;CLE;0;0
007585;CLE;0;0
200298;CLE;0;0
001604;CLE;1;1
006994;CLE;0;0
007590;CLE;0;0
001513;CLG;0;0
001907;CLG;0;0
002206;CLG;0;0
002611;CLG;0;0
004254;CLG;0;0
004803;CLG;0;0
005549;CLG;0;0
005648;CLG;0;0
005893;CLG;0;0
006166;CLG;0;0
006518;CLG;0;0
006801;CLG;0;0
007259;CLG;0;0
007374;CLG;0;0
007440;CLG;0;0
007216;CLG;1;1
006207;CLG;0;0
006803;CLG;0;0
000953;CLM;0;0
001049;CLM;0;0
003230;CLM;0;0
004053;CLM;0;0
004538;CLM;0;0
004875;CLM;0;0
005392;CLM;0;0
005699;CLM;0;0
005962;CLM;0;0
006104;CLM;0;0
006187;CLM;0;0
006532;CLM;0;0
006642;CLM;0;0
006951;CLM;0;0
006995;CLM;0;0
007087;CLM;0;0
007169;CLM;0;0
007858;CLM;0;0
005913;CLM;1;1
006974;CLM;0;0
007666;CLM;0;0
001423;CLN;0;0
002135;CLN;0;0
002195;CLN;0;0
002263;CLN;0;0
002461;CLN;0;0
002640;CLN;0;0
004224;CLN;0;0
004275;CLN;0;0
004435;CLN;0;0
004766;CLN;0;0
005398;CLN;0;0
005400;CLN;0;0
005615;CLN;0;0
005887;CLN;0;0
006111;CLN;0;0
006155;CLN;0;0
006257;CLN;0;0
200394;CLN;0;0
007184;CLN;1;1
005740;CLN;0;0
006851;CLN;0;0
002746;CLO;0;0
003137;CLO;0;0
004633;CLO;0;0
004645;CLO;0;0
004717;CLO;0;0
004718;CLO;0;0
005394;CLO;0;0
005396;CLO;0;0
005611;CLO;0;0
006107;CLO;0;0
006585;CLO;0;0
007030;CLO;0;0
007061;CLO;0;0
007510;CLO;0;0
007763;CLO;0;0
007770;CLO;0;0
200146;CLO;0;0
007475;CLO;1;1
006189;CLO;0;0
001103;CLP;0;0
001541;CLP;0;0
002190;CLP;0;0
002459;CLP;0;0
002850;CLP;0;0
003124;CLP;0;0
003486;CLP;0;0
004170;CLP;0;0
004229;CLP;0;0
004407;CLP;0;0
004728;CLP;0;0
004796;CLP;0;0
005403;CLP;0;0
005547;CLP;0;0
007500;CLP;0;0
006128;CLP;1;1
004649;CLP;0;0
007008;CLP;0;0
001553;CLS;0;0
002672;CLS;0;0
003060;CLS;0;0
003224;CLS;0;0
004817;CLS;0;0
005199;CLS;0;0
005511;CLS;0;0
005612;CLS;0;0
005816;CLS;0;0
005872;CLS;0;0
006580;CLS;0;0
007047;CLS;0;0
007313;CLS;0;0
002349;CLS;1;1
001480;CLS;0;0
007150;CLS;0;0
001602;CM;0;0
002878;CM;1;1
001761;CMA;0;0
007347;CMA;0;0
200144;CMA;0;0
200271;CMA;0;0
007219;CMA;1;1
007258;CMA;0;0
004140;CMB;0;0
004314;CMB;0;0
004329;CMB;0;0
004582;CMB;0;0
004590;CMB;0;0
004809;CMB;0;0
006139;CMB;0;0
006679;CMB;0;0
006712;CMB;0;0
006719;CMB;0;0
007489;CMB;0;0
007787;CMB;0;0
200136;CMB;0;0
200137;CMB;0;0
200224;CMB;0;0
200274;CMB;0;0
200429;CMB;0;0
005083;CMB;1;1
006546;CMB;0;0
004668;CMC;0;0
007062;CMC;0;0
007276;CMC;0;0
007750;CMC;0;0
007788;CMC;0;0
200345;CMC;0;0
200451;CMC;0;0
200482;CMC;0;0
007111;CMC;1;1
006552;CMC;0;0
001403;CMI;0;0
001897;CMI;0;0
002183;CMI;0;0
005837;CMI;0;0
005931;CMI;0;0
006513;CMI;0;0
007048;CMI;0;0
007176;CMI;0;0
006847;CMI;1;1
005151;CMI;0;0
000882;CMN;0;0
001257;CMN;0;0
001690;CMN;0;0
002203;CMN;0;0
003196;CMN;0;0
004240;CMN;0;0
004316;CMN;0;0
004457;CMN;0;0
004882;CMN;0;0
005824;CMN;0;0
005915;CMN;0;0
005976;CMN;0;0
006395;CMN;0;0
007003;CMN;0;0
007358;CMN;0;0
007375;CMN;0;0
007467;CMN;0;0
007486;CMN;0;0
200147;CMN;0;0
200171;CMN;0;0
200172;CMN;0;0
200268;CMN;0;0
200474;CMN;0;0
002481;CMN;1;1
005919;CMN;0;0
007130;CMN;0;0
002865;CMP;0;0
004046;CMP;0;0
006596;CMP;0;0
006648;CMP;0;0
006669;CMP;0;0
006706;CMP;0;0
006997;CMP;0;0
007090;CMP;0;0
007099;CMP;0;0
007482;CMP;0;0
007540;CMP;0;0
007612;CMP;0;0
007689;CMP;0;0
007706;CMP;0;0
200175;CMP;0;0
200442;CMP;0;0
004614;CMP;1;1
007214;CMP;0;0
007263;CMP;0;0
004588;CMR;0;0
006856;CMR;0;0
006939;CMR;0;0
007143;CMR;0;0
007195;CMR;0;0
007283;CMR;0;0
007296;CMR;0;0
007325;CMR;0;0
200141;CMR;0;0
200296;CMR;0;0
200297;CMR;0;0
200375;CMR;0;0
007220;CMR;1;1
006938;CMR;0;0
007324;CMR;0;0
004102;CMS;0;0
005430;CMS;0;0
005668;CMS;0;0
005720;CMS;0;0
005879;CMS;0;0
006857;CMS;0;0
007106;CMS;0;0
007180;CMS;0;0
007451;CMS;0;0
200417;CMS;0;0
200419;CMS;0;0
005761;CMS;1;1
004120;CMS;0;0
000810;CMT;0;0
001614;CMT;0;0
001643;CMT;0;0
003997;CMT;0;0
004173;CMT;0;0
004260;CMT;0;0
004396;CMT;0;0
004771;CMT;0;0
005153;CMT;0;0
005859;CMT;0;0
005993;CMT;0;0
006217;CMT;0;0
006562;CMT;0;0
006677;CMT;0;0
006816;CMT;0;0
006944;CMT;0;0
007139;CMT;0;0
007681;CMT;0;0
200446;CMT;0;0
006684;CMT;1;1
006863;CMT;0;0
007765;CMT;0;0
001336;E;0;0
002070;E;0;0
003214;E;0;0
003887;E;0;0
005787;E;0;0
005900;E;0;0
006920;E;0;0
007419;E;0;0
009935;E;1;1
200327;ED;0;0
001973;ED;1;1
004364;EDA;0;0
004372;EDA;0;0
004513;EDA;0;0
005923;EDA;0;0
005986;EDA;0;0
006505;EDA;0;0
006515;EDA;0;0
006653;EDA;0;0
007275;EDA;0;0
007443;EDA;0;0
007466;EDA;0;0
007493;EDA;0;0
001603;EDA;1;1
006975;EDA;0;0
006340;EDC;0;0
006695;EDC;0;0
007424;EDC;0;0
007515;EDC;0;0
007546;EDC;0;0
007565;EDC;0;0
007581;EDC;0;0
007758;EDC;0;0
007152;EDC;1;1
006539;EDC;0;0
007211;EDL;0;0
007412;EDL;0;0
007494;EDL;0;0
001953;EDL;1;1
007039;EDL;0;0
002534;EDM;0;0
002799;EDM;0;0
002986;EDM;0;0
003140;EDM;0;0
004148;EDM;0;0
004522;EDM;0;0
007461;EDM;0;0
007814;EDM;0;0
001664;EDM;1;1
007549;EDM;0;0
000999;EDR;0;0
001370;EDR;0;0
001576;EDR;0;0
003163;EDR;0;0
003332;EDR;0;0
006038;EDR;0;0
007240;EDR;0;0
007290;EDR;0;0
007478;EDR;0;0
007574;EDR;0;0
007598;EDR;0;0
007696;EDR;0;0
200390;EDR;0;0
200486;EDR;0;0
005482;EDR;1;1
004844;EDR;0;0
005948;EDS;0;0
007744;EDS;0;0
007768;EDS;0;0
007794;EDS;0;0
006549;EDS;1;1
006700;EDS;0;0
000575;EDT;0;0
001519;EDT;0;0
002393;EDT;0;0
003519;EDT;0;0
003703;EDT;0;0
004020;EDT;0;0
004413;EDT;0;0
004789;EDT;0;0
005819;EDT;0;0
005936;EDT;0;0
006731;EDT;0;0
006960;EDT;0;0
007298;EDT;0;0
007548;EDT;0;0
007731;EDT;0;0
006914;EDT;1;1
006957;EDT;0;0
000664;EEEQ;0;0
000790;EEEQ;0;0
002023;EEEQ;0;0
002202;EEEQ;0;0
003924;EEEQ;0;0
004114;EEEQ;0;0
004386;EEEQ;0;0
004408;EEEQ;0;0
004851;EEEQ;0;0
004998;EEEQ;0;0
005457;EEEQ;0;0
005871;EEEQ;0;0
006558;EEEQ;0;0
006701;EEEQ;0;0
006715;EEEQ;0;0
006900;EEEQ;0;0
007075;EEEQ;0;0
007239;EEEQ;0;0
200321;EEEQ;0;0
005624;EEEQ;1;1
002443;EL;1;1
005558;EL;0;0
005775;ELA;1;1
002014;ELAI;0;0
004384;ELAI;0;0
004665;ELAI;0;0
005566;ELAI;0;0
005616;ELAI;0;0
005659;ELAI;0;0
005843;ELAI;0;0
006336;ELAI;0;0
007254;ELAI;0;0
007286;ELAI;0;0
007288;ELAI;0;0
007310;ELAI;0;0
007432;ELAI;0;0
007564;ELAI;0;0
007588;ELAI;0;0
007756;ELAI;0;0
005757;ELAI;1;1
006688;ELAI;0;0
000476;ELAQ;0;0
002556;ELAQ;0;0
004073;ELAQ;0;0
005137;ELAQ;0;0
005537;ELAQ;0;0
005569;ELAQ;0;0
006334;ELAQ;0;0
006344;ELAQ;0;0
006359;ELAQ;0;0
006360;ELAQ;0;0
006400;ELAQ;0;0
006495;ELAQ;0;0
006952;ELAQ;0;0
006982;ELAQ;0;0
007431;ELAQ;0;0
007464;ELAQ;0;0
005452;ELAQ;1;1
007563;ELAQ;0;0
000982;ELC;0;0
001141;ELC;0;0
001608;ELC;0;0
001792;ELC;0;0
003399;ELC;0;0
004086;ELC;0;0
004146;ELC;0;0
005584;ELC;0;0
005873;ELC;0;0
006721;ELC;0;0
007085;ELC;0;0
007225;ELC;0;0
007289;ELC;0;0
007722;ELC;0;0
007726;ELC;0;0
007791;ELC;0;0
200178;ELC;0;0
200380;ELC;0;0
007253;ELC;1;1
001448;ELH;0;0
005663;ELH;1;1
000480;ELHC;0;0
001354;ELHC;0;0
003164;ELHC;0;0
003195;ELHC;0;0
005540;ELHC;0;0
005614;ELHC;0;0
006237;ELHC;0;0
006610;ELHC;0;0
006654;ELHC;0;0
006659;ELHC;0;0
006875;ELHC;0;0
007035;ELHC;0;0
004428;ELHC;1;1
005141;ELHE;0;0
006132;ELHE;0;0
006696;ELHE;0;0
006771;ELHE;0;0
007113;ELHE;0;0
007390;ELHE;0;0
006637;ELHE;1;1
004716;ELHE;0;0
000996;ELM;0;0
001177;ELM;0;0
006720;ELM;0;0
007808;ELM;0;0
005527;ELM;1;1
000950;ELP;0;0
001710;ELP;0;0
004303;ELP;0;0
004310;ELP;0;0
005455;ELP;0;0
005498;ELP;0;0
005553;ELP;0;0
006135;ELP;0;0
006590;ELP;0;0
020546;ELP;0;0
020547;ELP;0;0
007000;ELP;1;1
002583;ELP;0;0
006124;ELT;1;1
000788;ELTA;0;0
005267;ELTA;0;0
005495;ELTA;0;0
006338;ELTA;0;0
006465;ELTA;0;0
006497;ELTA;0;0
006766;ELTA;0;0
004486;ELTA;1;1
004383;ELTT;0;0
005922;ELTT;0;0
006921;ELTT;0;0
007194;ELTT;0;0
007439;ELTT;0;0
006912;ELTT;1;1
001333;EQ;0;0
005661;EQ;0;0
003927;EQ;1;1
007036;EQA;1;1
004848;EQAA;0;0
004862;EQAA;0;0
004890;EQAA;0;0
004915;EQAA;0;0
005456;EQAA;0;0
006118;EQAA;0;0
007060;EQAA;0;0
007651;EQAA;0;0
007810;EQAA;0;0
005840;EQAA;1;1
001402;EQAH;0;0
002313;EQAH;0;0
003641;EQAH;0;0
004358;EQAH;0;0
005147;EQAH;0;0
005223;EQAH;0;0
007372;EQAH;0;0
006329;EQAH;1;1
003493;EQAI;0;0
003682;EQAI;0;0
004230;EQAI;0;0
006867;EQAI;0;0
007226;EQAI;1;1
004469;EQAL;0;0
006550;EQAL;0;0
006636;EQAL;0;0
007279;EQAL;0;0
004406;EQAL;1;1
004292;EQP;0;0
006398;EQP;0;0
005680;EQP;1;1
005517;EQPD;0;0
005867;EQPD;0;0
005971;EQPD;1;1
004012;EQPP;0;0
005938;EQPP;0;0
005855;EQPP;1;1
005441;EQQ;1;1
002636;EQQA;0;0
004334;EQQA;0;0
005453;EQQA;0;0
005869;EQQA;0;0
006661;EQQA;0;0
006692;EQQA;0;0
006930;EQQA;0;0
007544;EQQA;0;0
006365;EQQA;1;1
001334;EQQM;0;0
004643;EQQM;0;0
005815;EQQM;0;0
005977;EQQM;0;0
006147;EQQM;0;0
006476;EQQM;0;0
007233;EQQM;0;0
006025;EQQM;1;1
002480;EQQT;0;0
003626;EQQT;0;0
005765;EQQT;0;0
006355;EQQT;0;0
006461;EQQT;0;0
006468;EQQT;0;0
006895;EQQT;0;0
007179;EQQT;0;0
007185;EQQT;0;0
007245;EQQT;0;0
007434;EQQT;0;0
007676;EQQT;0;0
200148;EQQT;0;0
006969;EQQT;1;1
006058;ET;1;1
200152;ETGD;0;0
200153;ETGD;0;0
200154;ETGD;0;0
200155;ETGD;0;0
200156;ETGD;0;0
200157;ETGD;0;0
200158;ETGD;0;0
200159;ETGD;0;0
200160;ETGD;0;0
200164;ETGD;0;0
200176;ETGD;0;0
200177;ETGD;0;0
200179;ETGD;0;0
200180;ETGD;0;0
200181;ETGD;0;0
200185;ETGD;0;0
200187;ETGD;0;0
200188;ETGD;0;0
200189;ETGD;0;0
200190;ETGD;0;0
200191;ETGD;0;0
200192;ETGD;0;0
200193;ETGD;0;0
200194;ETGD;0;0
200195;ETGD;0;0
200196;ETGD;0;0
200197;ETGD;0;0
200198;ETGD;0;0
200199;ETGD;0;0
200200;ETGD;0;0
200201;ETGD;0;0
200202;ETGD;0;0
200203;ETGD;0;0
200204;ETGD;0;0
200205;ETGD;0;0
200206;ETGD;0;0
200207;ETGD;0;0
200208;ETGD;0;0
200209;ETGD;0;0
200210;ETGD;0;0
200211;ETGD;0;0
200212;ETGD;0;0
200215;ETGD;0;0
200216;ETGD;0;0
200217;ETGD;0;0
200218;ETGD;0;0
200219;ETGD;0;0
200221;ETGD;0;0
200222;ETGD;0;0
200224;ETGD;0;0
200225;ETGD;0;0
200227;ETGD;0;0
200230;ETGD;0;0
200243;ETGD;0;0
200245;ETGD;0;0
200246;ETGD;0;0
200276;ETGD;0;0
005763;ETH;1;1
005827;ETHA;0;0
007213;ETHA;0;0
005438;ETHA;1;1
001163;ETHF;0;0
004874;ETHF;0;0
005196;ETHF;0;0
007175;ETHF;0;0
007389;ETHF;0;0
007736;ETHF;0;0
007523;ETHF;1;1
001454;ETHV;0;0
004663;ETHV;0;0
004885;ETHV;0;0
004932;ETHV;0;0
005780;ETHV;0;0
006316;ETHV;0;0
006681;ETHV;0;0
007056;ETHV;0;0
007379;ETHV;0;0
007426;ETHV;0;0
007647;ETHV;0;0
007673;ETHV;0;0
006071;ETHV;1;1
004634;ETT;1;1
002622;ETTD;0;0
007658;ETTD;0;0
007685;ETTD;0;0
007727;ETTD;0;0
005774;ETTD;1;1
007646;ETTD;0;0
004402;ETTL;0;0
005466;ETTL;0;0
006703;ETTL;0;0
200229;ETTL;0;0
007499;ETTL;1;1
007657;ETTL;0;0
005539;I;0;0
000888;I;0;0
001635;I;0;0
003076;I;0;0
003970;I;0;0
004150;I;0;0
004498;I;0;0
005448;I;0;0
006594;I;0;0
006600;I;0;0
007013;I;0;0
007031;I;0;0
009933;I;1;1
006216;IC;0;0
007306;IC;0;0
007511;IC;0;0
200332;IC;0;0
004436;IC;1;1
007462;ICR;1;1
002781;ICRI;0;0
003218;ICRI;0;0
003476;ICRI;0;0
004190;ICRI;0;0
004799;ICRI;0;0
005776;ICRI;0;0
006009;ICRI;0;0
006173;ICRI;0;0
006724;ICRI;0;0
007457;ICRI;0;0
007879;ICRI;0;0
200323;ICRI;0;0
006254;ICRI;1;1
006655;ICRP;0;0
006757;ICRP;0;0
004376;ICRP;1;1
002113;ICRR;0;0
004061;ICRR;0;0
004221;ICRR;0;0
005591;ICRR;0;0
006646;ICRR;0;0
007786;ICRR;0;0
006756;ICRR;1;1
002595;ID;1;1
007401;IDC;1;1
007512;IDCA;1;1
004422;IDCC;0;0
007601;IDCC;1;1
007043;IDCP;1;1
004755;IE;0;0
006884;IE;1;1
007378;IEE;1;1
003228;IEEL;0;0
003949;IEEL;0;0
006873;IEEL;0;0
007393;IEEL;0;0
007477;IEEL;0;0
007679;IEEL;0;0
006868;IEEL;1;1
004320;IEEM;0;0
005963;IEEM;0;0
007004;IEEM;0;0
007271;IEEM;0;0
007382;IEEM;0;0
007487;IEEM;0;0
007503;IEEM;0;0
007203;IEEM;1;1
006093;IEO;0;0
007133;IEO;1;1
006256;IEOH;0;0
007255;IEOH;0;0
007662;IEOH;0;0
007779;IEOH;0;0
007586;IEOH;1;1
004543;IEOL;0;0
004749;IEOL;0;0
005383;IEOL;0;0
006848;IEOL;0;0
007045;IEOL;0;0
007492;IEOL;0;0
007597;IEOL;0;0
006945;IEOL;1;1
004662;IET;0;0
007022;IET;1;1
006871;IETR;0;0
007009;IETR;0;0
007269;IETR;0;0
007376;IETR;0;0
007436;IETR;0;0
007571;IETR;0;0
007782;IETR;0;0
007809;IETR;0;0
006888;IETR;1;1
003231;IETT;0;0
007025;IETT;0;0
007421;IETT;0;0
007488;IETT;0;0
007535;IETT;0;0
007655;IETT;0;0
007481;IETT;1;1
005916;IP;0;0
005786;IP;1;1
005208;IPA;0;0
006169;IPA;1;1
000985;IPAA;0;0
001634;IPAA;0;0
002833;IPAA;0;0
003026;IPAA;0;0
003316;IPAA;0;0
004878;IPAA;0;0
005632;IPAA;0;0
005635;IPAA;0;0
005640;IPAA;0;0
005862;IPAA;0;0
006556;IPAA;0;0
007441;IPAA;0;0
007498;IPAA;0;0
007602;IPAA;0;0
004653;IPAA;1;1
001834;IPAR;0;0
002538;IPAR;0;0
004880;IPAR;0;0
005901;IPAR;0;0
004646;IPAR;1;1
002073;IPE;1;1
001017;IPEE;0;0
001845;IPEE;0;0
001910;IPEE;0;0
001916;IPEE;0;0
002136;IPEE;0;0
002399;IPEE;0;0
003029;IPEE;0;0
004440;IPEE;0;0
004449;IPEE;0;0
005949;IPEE;0;0
006682;IPEE;0;0
006691;IPEE;0;0
007604;IPEE;0;0
007674;IPEE;0;0
003215;IPEE;1;1
004081;IPER;0;0
005526;IPER;0;0
005749;IPER;0;0
006027;IPER;0;0
006137;IPER;0;0
006460;IPER;0;0
006545;IPER;0;0
007042;IPER;0;0
004287;IPER;1;1
006563;IPG;1;1
002682;IPGR;0;0
002798;IPGR;0;0
003213;IPGR;0;0
006191;IPGR;0;0
006598;IPGR;0;0
006802;IPGR;0;0
006879;IPGR;0;0
006989;IPGR;0;0
007470;IPGR;0;0
007545;IPGR;0;0
007670;IPGR;0;0
007027;IPGR;1;1
001852;IPGS;0;0
002904;IPGS;0;0
003264;IPGS;0;0
006511;IPGS;0;0
006570;IPGS;0;0
006595;IPGS;0;0
006694;IPGS;0;0
006894;IPGS;1;1
003168;IPN;0;0
004446;IPN;0;0
007472;IPN;0;0
006814;IPN;1;1
000910;P;0;0
007002;P;0;0
007801;P;0;0
000775;P;0;0
001751;P;0;0
003616;P;0;0
004323;P;0;0
004343;P;0;0
004547;P;0;0
006478;P;0;0
006578;P;0;0
006852;P;0;0
006923;P;0;0
007952;P;0;0
009937;P;1;1
007513;PA;0;0
007069;PA;1;1
000884;PAA;0;0
005556;PAA;0;0
006022;PAA;0;0
004672;PAA;1;1
004815;PAT;0;0
005660;PAT;0;0
005897;PAT;0;0
007231;PAT;0;0
007405;PAT;0;0
004682;PAT;1;1
004344;PD;1;1
005262;PDC;0;0
005431;PDC;0;0
005974;PDC;0;0
005407;PDC;1;1
200430;PDG;0;0
200431;PDG;0;0
200433;PDG;0;0
200435;PDG;0;0
200436;PDG;0;0
200437;PDG;0;0
200438;PDG;0;0
200439;PDG;0;0
200444;PDG;0;0
200482;PDG;0;0
200484;PDG;0;0
003434;PDG;1;1
007418;PDG;0;0
000489;PDGC;0;0
000509;PDGC;0;0
002143;PDGC;0;0
002440;PDGC;0;0
003470;PDGC;0;0
003551;PDGC;0;0
004482;PDGC;0;0
004693;PDGC;0;0
004832;PDGC;0;0
005468;PDGC;0;0
005521;PDGC;0;0
007517;PDGC;0;0
200277;PDGC;0;0
200282;PDGC;0;0
200283;PDGC;0;0
200285;PDGC;0;0
200343;PDGC;0;0
200347;PDGC;0;0
200352;PDGC;0;0
200354;PDGC;0;0
200366;PDGC;0;0
200369;PDGC;0;0
200371;PDGC;0;0
200383;PDGC;0;0
200384;PDGC;0;0
200385;PDGC;0;0
200391;PDGC;0;0
200403;PDGC;0;0
200407;PDGC;0;0
200409;PDGC;0;0
200416;PDGC;0;0
200418;PDGC;0;0
200420;PDGC;0;0
200421;PDGC;0;0
200424;PDGC;0;0
200453;PDGC;0;0
200454;PDGC;0;0
200455;PDGC;0;0
200456;PDGC;0;0
200457;PDGC;0;0
200458;PDGC;0;0
200459;PDGC;0;0
200460;PDGC;0;0
200461;PDGC;0;0
200462;PDGC;0;0
200463;PDGC;0;0
200464;PDGC;0;0
200465;PDGC;0;0
200466;PDGC;0;0
200467;PDGC;0;0
200468;PDGC;0;0
200469;PDGC;0;0
200470;PDGC;0;0
200471;PDGC;0;0
200472;PDGC;0;0
200473;PDGC;0;0
001763;PDGC;1;1
200415;PDGC;1;1
001993;PDGF;0;0
002767;PDGF;0;0
005275;PDGF;0;0
005425;PDGF;0;0
007740;PDGF;0;0
200142;PDGF;0;0
200149;PDGF;0;0
200150;PDGF;0;0
200151;PDGF;0;0
200161;PDGF;0;0
200162;PDGF;0;0
200163;PDGF;0;0
200165;PDGF;0;0
200166;PDGF;0;0
200213;PDGF;0;0
200214;PDGF;0;0
200220;PDGF;0;0
200226;PDGF;0;0
200231;PDGF;0;0
200232;PDGF;0;0
200233;PDGF;0;0
200244;PDGF;0;0
200275;PDGF;0;0
200278;PDGF;0;0
200279;PDGF;0;0
200280;PDGF;0;0
200284;PDGF;0;0
200286;PDGF;0;0
200287;PDGF;0;0
200288;PDGF;0;0
200342;PDGF;0;0
200346;PDGF;0;0
200349;PDGF;0;0
200350;PDGF;0;0
200351;PDGF;0;0
200353;PDGF;0;0
200355;PDGF;0;0
200356;PDGF;0;0
200357;PDGF;0;0
200359;PDGF;0;0
200360;PDGF;0;0
200361;PDGF;0;0
200362;PDGF;0;0
200363;PDGF;0;0
200364;PDGF;0;0
200365;PDGF;0;0
200367;PDGF;0;0
200368;PDGF;0;0
200372;PDGF;0;0
200373;PDGF;0;0
200374;PDGF;0;0
200376;PDGF;0;0
200379;PDGF;0;0
200389;PDGF;0;0
200392;PDGF;0;0
200397;PDGF;0;0
200398;PDGF;0;0
200399;PDGF;0;0
200400;PDGF;0;0
200401;PDGF;0;0
200402;PDGF;0;0
200406;PDGF;0;0
200408;PDGF;0;0
200410;PDGF;0;0
200411;PDGF;0;0
200412;PDGF;0;0
200413;PDGF;0;0
003572;PDGF;1;1
003071;PDM;0;0
003554;PDM;0;0
004225;PDM;0;0
004241;PDM;0;0
005675;PDM;0;0
005735;PDM;0;0
007033;PDM;0;0
007316;PDM;0;0
007527;PDM;1;1
001191;PDN;0;0
001306;PDN;0;0
001317;PDN;0;0
002252;PDN;0;0
002546;PDN;0;0
002751;PDN;0;0
003222;PDN;0;0
003229;PDN;0;0
004421;PDN;0;0
005391;PDN;0;0
005401;PDN;0;0
003881;PDN;1;1
003952;PDP;1;1
004385;PDPI;0;0
004654;PDPI;0;0
006013;PDPI;1;1
001279;PDPQ;0;0
001695;PDPQ;0;0
002122;PDPQ;0;0
003977;PDPQ;0;0
007519;PDPQ;1;1
007927;PG;1;1
004266;PI;0;0
004858;PI;0;0
005387;PI;0;0
005491;PI;0;0
006859;PI;0;0
007654;PI;0;0
007755;PI;0;0
004202;PI;1;1
005956;PICE;1;1
004239;PJ;0;0
004445;PJ;0;0
005999;PJ;0;0
006238;PJ;0;0
007951;PJ;1;1
005266;PJ;0;0
006676;PJ;0;0
003354;PJC;0;0
006844;PJC;0;0
006846;PJC;0;0
006896;PJC;0;0
006996;PJC;1;1
006686;PJG;0;0
006942;PJG;0;0
007460;PJG;0;0
007954;PJG;1;1
007716;PJI;0;0
006538;PJI;1;1
006854;PJIA;1;1
006872;PJM;0;0
007371;PJM;0;0
007667;PJM;0;0
007713;PJM;0;0
006644;PJM;1;1
007397;PJMA;1;1
001034;PJMR;0;0
001450;PJMR;0;0
004433;PJMR;0;0
006042;PJMR;0;0
003606;PJMR;1;1
007244;PMC;0;0
006892;PMC;1;1
002213;PPSE;0;0
005739;PPSE;1;1
000759;PPSI;0;0
003291;PPSI;0;0
003874;PPSI;0;0
004179;PPSI;0;0
004650;PPSI;0;0
004888;PPSI;0;0
005465;PPSI;0;0
005874;PPSI;0;0
007965;PPSI;0;0
003865;PPSI;1;1
004166;PPSM;0;0
005559;PPSM;1;1
001133;PR;0;0
003684;PR;0;0
004265;PR;0;0
005409;PR;0;0
006243;PR;0;0
007559;PRL;0;0
007672;PRL;0;0
007684;PRL;0;0
007925;PRL;1;1